{"v":"5.6.5","fr":60,"ip":0,"op":200,"w":600,"h":600,"nm":"Comp 2","ddd":0,"assets":[],"layers":[{"ddd":0,"ind":1,"ty":4,"nm":"box-top","sr":1,"ks":{"o":{"a":1,"k":[{"i":{"x":[0.667],"y":[1]},"o":{"x":[0.333],"y":[0]},"t":0,"s":[0]},{"i":{"x":[0.833],"y":[1]},"o":{"x":[0.333],"y":[0]},"t":10,"s":[100]},{"i":{"x":[0.833],"y":[1]},"o":{"x":[0.167],"y":[0]},"t":171,"s":[100]},{"t":180,"s":[0]}],"ix":11},"r":{"a":0,"k":0,"ix":10},"p":{"a":1,"k":[{"i":{"x":0.667,"y":1},"o":{"x":0.333,"y":0},"t":0,"s":[300.021,324.114,0],"to":[0,-11.667,0],"ti":[0,11.667,0]},{"i":{"x":0.667,"y":0.667},"o":{"x":0.333,"y":0.333},"t":30,"s":[300.021,254.114,0],"to":[0,0,0],"ti":[0,0,0]},{"i":{"x":0.667,"y":1},"o":{"x":0.333,"y":0},"t":151,"s":[300.021,254.114,0],"to":[0,11.667,0],"ti":[0,-11.667,0]},{"t":180,"s":[300.021,324.114,0]}],"ix":2},"a":{"a":0,"k":[68.852,30.599,0],"ix":1},"s":{"a":0,"k":[100,100,100],"ix":6}},"ao":0,"shapes":[{"ty":"gr","it":[{"ind":0,"ty":"sh","ix":1,"ks":{"a":0,"k":{"i":[[0,0],[0,0],[0.614,0.923],[0,0],[0.749,0],[0,0],[0.414,-0.621],[0,0],[-0.814,-0.749],[0,0],[0,0],[0.005,6.759],[0,0],[0,0],[-6.761,-0.002],[0,0],[0,0],[0,-6.759],[0,0],[6.759,-0.002],[0,0]],"o":[[0,0],[0.815,-0.749],[0,0],[-0.418,-0.621],[0,0],[-0.747,0],[0,0],[-0.612,0.923],[0,0],[0,0],[-6.757,0.005],[0,0],[0,0],[0.002,-6.762],[0,0],[0,0],[6.759,0],[0,0],[0.002,6.757],[0,0],[0,0]],"v":[[93.348,61.198],[106.227,49.401],[106.576,46.498],[94.628,28.57],[92.763,27.575],[44.946,27.575],[43.085,28.57],[31.128,46.498],[31.477,49.401],[44.356,61.198],[12.245,61.198],[0,48.969],[0,48.96],[0,12.238],[12.245,0],[12.245,0],[125.468,0],[137.704,12.238],[137.704,48.96],[125.47,61.198],[125.468,61.198]],"c":true},"ix":2},"nm":"Path 1","mn":"ADBE Vector Shape - Group","hd":false},{"ind":1,"ty":"sh","ix":2,"ks":{"a":0,"k":{"i":[[0,0],[0,0],[-0.871,-0.873],[0,0],[0,0],[0,0],[-0.871,0.88],[0.871,0.871],[0,0],[0,0],[0.587,0],[0.427,-0.421]],"o":[[0,0],[-0.875,0.871],[0,0],[0,0],[0,0],[0.884,0.864],[0.859,-0.882],[0,0],[0,0],[-0.421,-0.414],[-0.601,-0.005],[0,0]],"v":[[37.066,12.805],[37.066,12.805],[37.059,15.965],[37.066,15.971],[43.4,22.312],[43.429,22.339],[46.6,22.312],[46.577,19.151],[46.577,19.151],[40.243,12.805],[38.668,12.16],[37.064,12.808]],"c":true},"ix":2},"nm":"Path 2","mn":"ADBE Vector Shape - Group","hd":false},{"ind":2,"ty":"sh","ix":3,"ks":{"a":0,"k":{"i":[[0,0],[0,0],[0,0],[-0.869,-0.878],[0,0],[-0.873,0.871],[0,0],[0,0],[0,0],[0.869,0.866],[0,0],[0.592,-0.002],[0.425,-0.419]],"o":[[0,0],[0,0],[-0.869,0.878],[0,0],[0.871,0.875],[0,0],[0,0],[0,0],[0.862,-0.875],[0,0],[-0.418,-0.419],[-0.594,-0.002],[0,0]],"v":[[97.484,12.805],[97.484,12.805],[91.145,19.146],[91.145,22.312],[91.145,22.312],[94.304,22.319],[94.311,22.312],[100.652,15.978],[100.667,15.96],[100.652,12.81],[100.652,12.81],[99.074,12.16],[97.481,12.808]],"c":true},"ix":2},"nm":"Path 3","mn":"ADBE Vector Shape - Group","hd":false},{"ind":3,"ty":"sh","ix":4,"ks":{"a":0,"k":{"i":[[0,0],[0,0],[-1.235,-0.009],[0,0],[0,1.242],[0,0],[1.242,0],[0.005,-1.242],[0,0]],"o":[[0,0],[-0.007,1.235],[0,0],[1.242,0],[0,0],[0,-1.242],[-1.244,-0.005],[0,0],[0,0]],"v":[[66.612,8.598],[66.612,17.567],[68.835,19.817],[68.862,19.817],[71.112,17.567],[71.112,8.602],[68.862,6.352],[66.603,8.593],[66.603,8.6]],"c":true},"ix":2},"nm":"Path 4","mn":"ADBE Vector Shape - Group","hd":false},{"ty":"fl","c":{"a":0,"k":[0.196078434587,0.690196096897,0.521568655968,1],"ix":4},"o":{"a":0,"k":100,"ix":5},"r":1,"bm":0,"nm":"Fill 1","mn":"ADBE Vector Graphic - Fill","hd":false},{"ty":"tr","p":{"a":0,"k":[0,0],"ix":2},"a":{"a":0,"k":[0,0],"ix":1},"s":{"a":0,"k":[100,100],"ix":3},"r":{"a":0,"k":0,"ix":6},"o":{"a":0,"k":100,"ix":7},"sk":{"a":0,"k":0,"ix":4},"sa":{"a":0,"k":0,"ix":5},"nm":"Transform"}],"nm":"box-top","np":6,"cix":2,"bm":0,"ix":1,"mn":"ADBE Vector Group","hd":false}],"ip":0,"op":209,"st":0,"bm":0},{"ddd":0,"ind":2,"ty":4,"nm":"box-bottom","sr":1,"ks":{"o":{"a":0,"k":100,"ix":11},"r":{"a":0,"k":0,"ix":10},"p":{"a":0,"k":[300.02,335,0],"ix":2},"a":{"a":0,"k":[76.503,42.077,0],"ix":1},"s":{"a":0,"k":[100,100,100],"ix":6}},"ao":0,"shapes":[{"ty":"gr","it":[{"ind":0,"ty":"sh","ix":1,"ks":{"a":0,"k":{"i":[[0,0],[0.002,6.759],[0,0],[-6.762,0.002],[0,0],[0,-6.761],[0,0],[6.759,0]],"o":[[-6.759,0],[0,0],[0,-6.761],[0,0],[6.762,0.002],[0,0],[-0.002,6.759],[0,0]],"v":[[12.238,84.154],[0,71.916],[0,12.245],[12.238,0],[140.765,0],[153.005,12.245],[153.005,71.916],[140.765,84.154]],"c":true},"ix":2},"nm":"Path 1","mn":"ADBE Vector Shape - Group","hd":false},{"ind":1,"ty":"sh","ix":2,"ks":{"a":0,"k":{"i":[[0,0],[-8.451,0],[0,8.449],[0,0],[0,0],[0,0],[4.226,0],[0,0],[0,4.226],[0,0],[0,0],[0,0]],"o":[[0,8.449],[8.452,0],[0,0],[0,0],[0,0],[0,4.226],[0,0],[-4.226,0],[0,0],[0,0],[0,0],[0,0]],"v":[[61.198,14.626],[76.499,29.926],[91.8,14.626],[91.8,7.65],[84.147,7.65],[84.147,14.626],[76.497,22.276],[76.497,22.276],[68.844,14.626],[68.844,14.626],[68.844,7.65],[61.194,7.65]],"c":true},"ix":2},"nm":"Path 2","mn":"ADBE Vector Shape - Group","hd":false},{"ind":2,"ty":"sh","ix":3,"ks":{"a":0,"k":{"i":[[0,0],[-0.002,1.69],[1.69,0],[0,-1.688],[-1.688,-0.004],[0,0]],"o":[[1.692,0],[-0.005,-1.692],[-1.688,0.002],[-0.005,1.688],[0,0],[0,0]],"v":[[76.499,17.589],[79.564,14.529],[76.499,11.469],[73.444,14.529],[76.495,17.594],[76.501,17.594]],"c":true},"ix":2},"nm":"Path 3","mn":"ADBE Vector Shape - Group","hd":false},{"ty":"fl","c":{"a":0,"k":[0.196078434587,0.690196096897,0.521568655968,1],"ix":4},"o":{"a":0,"k":100,"ix":5},"r":1,"bm":0,"nm":"Fill 1","mn":"ADBE Vector Graphic - Fill","hd":false},{"ty":"tr","p":{"a":0,"k":[0,0],"ix":2},"a":{"a":0,"k":[0,0],"ix":1},"s":{"a":0,"k":[100,100],"ix":3},"r":{"a":0,"k":0,"ix":6},"o":{"a":0,"k":100,"ix":7},"sk":{"a":0,"k":0,"ix":4},"sa":{"a":0,"k":0,"ix":5},"nm":"Transform"}],"nm":"box-bottom","np":5,"cix":2,"bm":0,"ix":1,"mn":"ADBE Vector Group","hd":false}],"ip":0,"op":209,"st":0,"bm":0},{"ddd":0,"ind":3,"ty":4,"nm":"hexagon_full","sr":1,"ks":{"o":{"a":0,"k":100,"ix":11},"r":{"a":0,"k":0,"ix":10},"p":{"a":0,"k":[300,300,0],"ix":2},"a":{"a":0,"k":[162,180,0],"ix":1},"s":{"a":0,"k":[100,100,100],"ix":6}},"ao":0,"shapes":[{"ty":"gr","it":[{"ind":0,"ty":"sh","ix":1,"ks":{"a":0,"k":{"i":[[0,0],[0,0],[6.456,3.713],[0,0],[0.035,15.165],[0,0],[-13.142,7.585],[0,0],[-13.168,-7.553],[0,0],[-0.041,-15.165],[0,0],[13.148,-7.585],[0,0],[7.448,0]],"o":[[0,0],[-7.439,-0.003],[0,0],[-13.133,-7.585],[0,0],[0.023,-15.171],[0,0],[13.165,-7.553],[0,0],[13.133,7.587],[0,0],[-0.027,15.174],[0,0],[-6.456,3.707],[0,0]],"v":[[161.99,360],[161.949,360],[140.738,354.331],[21.275,285.544],[0,248.796],[0,111.217],[21.275,74.452],[140.738,5.665],[183.262,5.665],[302.728,74.441],[324.001,111.196],[324.001,248.778],[302.719,285.547],[183.256,354.335],[162.031,359.995]],"c":true},"ix":2},"nm":"Path 1","mn":"ADBE Vector Shape - Group","hd":false},{"ty":"op","nm":"Offset Paths 1","a":{"a":0,"k":-13,"ix":1},"lj":1,"ml":{"a":0,"k":4,"ix":3},"ix":2,"mn":"ADBE Vector Filter - Offset","hd":false},{"ty":"tm","s":{"a":1,"k":[{"i":{"x":[0.667],"y":[1]},"o":{"x":[0.333],"y":[0]},"t":50,"s":[0]},{"t":100,"s":[100]}],"ix":1},"e":{"a":1,"k":[{"i":{"x":[0.833],"y":[1]},"o":{"x":[0.333],"y":[0]},"t":0,"s":[0]},{"t":50,"s":[100]}],"ix":2},"o":{"a":0,"k":-180,"ix":3},"m":1,"ix":3,"nm":"Trim Paths 1","mn":"ADBE Vector Filter - Trim","hd":false},{"ty":"st","c":{"a":0,"k":[0.196078434587,0.690196096897,0.521568655968,1],"ix":3},"o":{"a":0,"k":100,"ix":4},"w":{"a":0,"k":23,"ix":5},"lc":1,"lj":1,"ml":4,"bm":0,"nm":"Stroke 1","mn":"ADBE Vector Graphic - Stroke","hd":false},{"ty":"tr","p":{"a":0,"k":[0,0],"ix":2},"a":{"a":0,"k":[0,0],"ix":1},"s":{"a":0,"k":[100,100],"ix":3},"r":{"a":0,"k":0,"ix":6},"o":{"a":0,"k":100,"ix":7},"sk":{"a":0,"k":0,"ix":4},"sa":{"a":0,"k":0,"ix":5},"nm":"Transform"}],"nm":"hexagon_full","np":5,"cix":2,"bm":0,"ix":1,"mn":"ADBE Vector Group","hd":false}],"ip":0,"op":209,"st":0,"bm":0},{"ddd":0,"ind":4,"ty":4,"nm":"hexagon_full 3","sr":1,"ks":{"o":{"a":0,"k":100,"ix":11},"r":{"a":0,"k":0,"ix":10},"p":{"a":0,"k":[300,300,0],"ix":2},"a":{"a":0,"k":[162,180,0],"ix":1},"s":{"a":0,"k":[100,100,100],"ix":6}},"ao":0,"shapes":[{"ty":"gr","it":[{"ind":0,"ty":"sh","ix":1,"ks":{"a":0,"k":{"i":[[0,0],[0,0],[6.456,3.713],[0,0],[0.035,15.165],[0,0],[-13.142,7.585],[0,0],[-13.168,-7.553],[0,0],[-0.041,-15.165],[0,0],[13.148,-7.585],[0,0],[7.448,0]],"o":[[0,0],[-7.439,-0.003],[0,0],[-13.133,-7.585],[0,0],[0.023,-15.171],[0,0],[13.165,-7.553],[0,0],[13.133,7.587],[0,0],[-0.027,15.174],[0,0],[-6.456,3.707],[0,0]],"v":[[161.99,360],[161.949,360],[140.738,354.331],[21.275,285.544],[0,248.796],[0,111.217],[21.275,74.452],[140.738,5.665],[183.262,5.665],[302.728,74.441],[324.001,111.196],[324.001,248.778],[302.719,285.547],[183.256,354.335],[162.031,359.995]],"c":true},"ix":2},"nm":"Path 1","mn":"ADBE Vector Shape - Group","hd":false},{"ty":"op","nm":"Offset Paths 1","a":{"a":0,"k":-13,"ix":1},"lj":1,"ml":{"a":0,"k":4,"ix":3},"ix":2,"mn":"ADBE Vector Filter - Offset","hd":false},{"ty":"tm","s":{"a":1,"k":[{"i":{"x":[0.667],"y":[1]},"o":{"x":[0.333],"y":[0]},"t":150,"s":[0]},{"t":200,"s":[100]}],"ix":1},"e":{"a":1,"k":[{"i":{"x":[0.833],"y":[1]},"o":{"x":[0.333],"y":[0]},"t":100,"s":[0]},{"t":150,"s":[100]}],"ix":2},"o":{"a":0,"k":-180,"ix":3},"m":1,"ix":3,"nm":"Trim Paths 1","mn":"ADBE Vector Filter - Trim","hd":false},{"ty":"st","c":{"a":0,"k":[0.196078434587,0.690196096897,0.521568655968,1],"ix":3},"o":{"a":0,"k":100,"ix":4},"w":{"a":0,"k":23,"ix":5},"lc":1,"lj":1,"ml":4,"bm":0,"nm":"Stroke 1","mn":"ADBE Vector Graphic - Stroke","hd":false},{"ty":"tr","p":{"a":0,"k":[0,0],"ix":2},"a":{"a":0,"k":[0,0],"ix":1},"s":{"a":0,"k":[100,100],"ix":3},"r":{"a":0,"k":0,"ix":6},"o":{"a":0,"k":100,"ix":7},"sk":{"a":0,"k":0,"ix":4},"sa":{"a":0,"k":0,"ix":5},"nm":"Transform"}],"nm":"hexagon_full","np":5,"cix":2,"bm":0,"ix":1,"mn":"ADBE Vector Group","hd":false}],"ip":0,"op":209,"st":0,"bm":0},{"ddd":0,"ind":5,"ty":4,"nm":"hexagon_full 2","sr":1,"ks":{"o":{"a":0,"k":100,"ix":11},"r":{"a":0,"k":0,"ix":10},"p":{"a":0,"k":[300,300,0],"ix":2},"a":{"a":0,"k":[162,180,0],"ix":1},"s":{"a":0,"k":[100,100,100],"ix":6}},"ao":0,"shapes":[{"ty":"gr","it":[{"ind":0,"ty":"sh","ix":1,"ks":{"a":0,"k":{"i":[[0,0],[0,0],[6.456,3.713],[0,0],[0.035,15.165],[0,0],[-13.142,7.585],[0,0],[-13.168,-7.553],[0,0],[-0.041,-15.165],[0,0],[13.148,-7.585],[0,0],[7.448,0]],"o":[[0,0],[-7.439,-0.003],[0,0],[-13.133,-7.585],[0,0],[0.023,-15.171],[0,0],[13.165,-7.553],[0,0],[13.133,7.587],[0,0],[-0.027,15.174],[0,0],[-6.456,3.707],[0,0]],"v":[[161.99,360],[161.949,360],[140.738,354.331],[21.275,285.544],[0,248.796],[0,111.217],[21.275,74.452],[140.738,5.665],[183.262,5.665],[302.728,74.441],[324.001,111.196],[324.001,248.778],[302.719,285.547],[183.256,354.335],[162.031,359.995]],"c":true},"ix":2},"nm":"Path 1","mn":"ADBE Vector Shape - Group","hd":false},{"ty":"op","nm":"Offset Paths 1","a":{"a":0,"k":-13,"ix":1},"lj":1,"ml":{"a":0,"k":4,"ix":3},"ix":2,"mn":"ADBE Vector Filter - Offset","hd":false},{"ty":"st","c":{"a":0,"k":[0.792156875134,0.917647063732,0.878431379795,1],"ix":3},"o":{"a":0,"k":100,"ix":4},"w":{"a":0,"k":23,"ix":5},"lc":1,"lj":1,"ml":4,"bm":0,"nm":"Stroke 1","mn":"ADBE Vector Graphic - Stroke","hd":false},{"ty":"tr","p":{"a":0,"k":[0,0],"ix":2},"a":{"a":0,"k":[0,0],"ix":1},"s":{"a":0,"k":[100,100],"ix":3},"r":{"a":0,"k":0,"ix":6},"o":{"a":0,"k":100,"ix":7},"sk":{"a":0,"k":0,"ix":4},"sa":{"a":0,"k":0,"ix":5},"nm":"Transform"}],"nm":"hexagon_full","np":4,"cix":2,"bm":0,"ix":1,"mn":"ADBE Vector Group","hd":false}],"ip":0,"op":209,"st":0,"bm":0}],"markers":[]}