{"v":"5.6.8","fr":29,"ip":0,"op":58,"w":1080,"h":1920,"nm":"logo 7","ddd":0,"assets":[],"layers":[{"ddd":0,"ind":1,"ty":4,"nm":"Layer 3","parent":2,"sr":1,"ks":{"o":{"a":0,"k":100,"ix":11},"r":{"a":0,"k":0,"ix":10},"p":{"a":0,"k":[98.933,47.793,0],"ix":2},"a":{"a":0,"k":[14.093,14.095,0],"ix":1},"s":{"a":0,"k":[100,100,100],"ix":6}},"ao":0,"shapes":[{"ty":"gr","it":[{"ind":0,"ty":"sh","ix":1,"ks":{"a":0,"k":{"i":[[1.147,1.147],[0,0],[-1.147,1.144],[0,0],[-1.147,-1.147],[0,0],[1.147,-1.147],[0,0]],"o":[[0,0],[-1.147,-1.147],[0,0],[1.147,-1.147],[0,0],[1.147,1.144],[0,0],[-1.147,1.147]],"v":[[-2.074,12.698],[-12.696,2.076],[-12.696,-2.073],[-2.074,-12.698],[2.075,-12.698],[12.697,-2.073],[12.697,2.076],[2.075,12.698]],"c":true},"ix":2},"nm":"Path 1","mn":"ADBE Vector Shape - Group","hd":false},{"ty":"fl","c":{"a":0,"k":[1,1,1,1],"ix":4},"o":{"a":0,"k":100,"ix":5},"r":1,"bm":0,"nm":"Fill 1","mn":"ADBE Vector Graphic - Fill","hd":false},{"ty":"tr","p":{"a":0,"k":[14.093,14.095],"ix":2},"a":{"a":0,"k":[0,0],"ix":1},"s":{"a":0,"k":[100,100],"ix":3},"r":{"a":0,"k":0,"ix":6},"o":{"a":0,"k":100,"ix":7},"sk":{"a":0,"k":0,"ix":4},"sa":{"a":0,"k":0,"ix":5},"nm":"Transform"}],"nm":"Group 1","np":2,"cix":2,"bm":0,"ix":1,"mn":"ADBE Vector Group","hd":false}],"ip":-1,"op":461,"st":-1,"bm":0},{"ddd":0,"ind":2,"ty":4,"nm":"Layer 8","sr":1,"ks":{"o":{"a":0,"k":100,"ix":11},"r":{"a":0,"k":0,"ix":10},"p":{"a":0,"k":[541.752,866.139,0],"ix":2},"a":{"a":0,"k":[98.934,0.25,0],"ix":1},"s":{"a":0,"k":[100,100,100],"ix":6}},"ao":0,"ef":[{"ty":28,"nm":"Set Matte","np":8,"mn":"ADBE Set Matte3","ix":1,"en":1,"ef":[{"ty":10,"nm":"Take Matte From Layer","mn":"ADBE Set Matte3-0001","ix":1,"v":{"a":0,"k":2,"ix":1}},{"ty":7,"nm":"Use For Matte","mn":"ADBE Set Matte3-0002","ix":2,"v":{"a":0,"k":4,"ix":2}},{"ty":7,"nm":"Invert Matte","mn":"ADBE Set Matte3-0003","ix":3,"v":{"a":0,"k":0,"ix":3}},{"ty":7,"nm":"If Layer Sizes Differ","mn":"ADBE Set Matte3-0004","ix":4,"v":{"a":0,"k":1,"ix":4}},{"ty":7,"nm":"Composite Matte with Original","mn":"ADBE Set Matte3-0005","ix":5,"v":{"a":0,"k":1,"ix":5}},{"ty":7,"nm":"Premultiply Matte Layer","mn":"ADBE Set Matte3-0006","ix":6,"v":{"a":0,"k":1,"ix":6}}]}],"shapes":[{"ty":"gr","it":[{"ind":0,"ty":"sh","ix":1,"ks":{"a":0,"k":{"i":[[0,0],[0.864,0],[0,0],[0.795,-0.297],[0,0],[-2.802,2.803]],"o":[[-0.795,-0.297],[0,0],[-0.864,0],[0,0],[2.798,2.803],[0,0]],"v":[[98.684,-47.985],[96.183,-48.457],[-96.186,-48.457],[-98.684,-47.985],[-5.071,45.653],[5.071,45.653]],"c":true},"ix":2},"nm":"Path 1","mn":"ADBE Vector Shape - Group","hd":false},{"ty":"fl","c":{"a":0,"k":[0,0.451000019148,0.40800000359,1],"ix":4},"o":{"a":0,"k":100,"ix":5},"r":1,"bm":0,"nm":"Fill 1","mn":"ADBE Vector Graphic - Fill","hd":false},{"ty":"tr","p":{"a":0,"k":[98.934,48.707],"ix":2},"a":{"a":0,"k":[0,0],"ix":1},"s":{"a":0,"k":[100,100],"ix":3},"r":{"a":0,"k":0,"ix":6},"o":{"a":0,"k":100,"ix":7},"sk":{"a":0,"k":0,"ix":4},"sa":{"a":0,"k":0,"ix":5},"nm":"Transform"}],"nm":"Group 1","np":2,"cix":2,"bm":0,"ix":1,"mn":"ADBE Vector Group","hd":false}],"ip":0,"op":492,"st":30,"bm":0},{"ddd":0,"ind":3,"ty":4,"nm":"Layer 6","sr":1,"ks":{"o":{"a":0,"k":100,"ix":11},"r":{"a":0,"k":0,"ix":10},"p":{"a":0,"k":[541.752,1064.486,0],"ix":2},"a":{"a":0,"k":[148.218,198.126,0],"ix":1},"s":{"a":0,"k":[100,100,100],"ix":6}},"ao":0,"shapes":[{"ty":"gr","it":[{"ind":0,"ty":"sh","ix":1,"ks":{"a":0,"k":{"i":[[2.803,2.799],[0,0],[0.951,0.356],[0,0],[0,0],[0.734,-0.733],[0,0],[-2.803,-2.798],[0,0],[-2.799,2.803],[0,0]],"o":[[0,0],[-0.734,-0.733],[0,0],[0,0],[-0.954,0.356],[0,0],[-2.803,2.802],[0,0],[2.802,2.803],[0,0],[2.803,-2.802]],"v":[[145.165,-53.749],[101.256,-97.658],[98.686,-99.288],[5.144,-98.896],[-98.686,-99.288],[-101.256,-97.658],[-145.165,-53.749],[-145.165,-43.606],[-5.073,96.485],[5.069,96.485],[145.165,-43.606]],"c":true},"ix":2},"nm":"Path 1","mn":"ADBE Vector Shape - Group","hd":false},{"ty":"fl","c":{"a":0,"k":[0,0.689999988032,0.477999997606,1],"ix":4},"o":{"a":0,"k":100,"ix":5},"r":1,"bm":0,"nm":"Fill 1","mn":"ADBE Vector Graphic - Fill","hd":false},{"ty":"tr","p":{"a":0,"k":[148.218,99.539],"ix":2},"a":{"a":0,"k":[0,0],"ix":1},"s":{"a":0,"k":[100,100],"ix":3},"r":{"a":0,"k":0,"ix":6},"o":{"a":0,"k":100,"ix":7},"sk":{"a":0,"k":0,"ix":4},"sa":{"a":0,"k":0,"ix":5},"nm":"Transform"}],"nm":"Group 1","np":2,"cix":2,"bm":0,"ix":1,"mn":"ADBE Vector Group","hd":false}],"ip":0,"op":462,"st":0,"bm":0},{"ddd":0,"ind":4,"ty":4,"nm":"Group 1","sr":1,"ks":{"o":{"a":1,"k":[{"i":{"x":[0.667],"y":[1]},"o":{"x":[0.333],"y":[0]},"t":0,"s":[100]},{"i":{"x":[0.833],"y":[1]},"o":{"x":[0.333],"y":[0]},"t":20,"s":[100]},{"t":35,"s":[0]}],"ix":11},"r":{"a":0,"k":0,"ix":10},"p":{"a":0,"k":[542,962.652,0],"ix":2},"a":{"a":0,"k":[436.298,231.908,0],"ix":1},"s":{"a":1,"k":[{"i":{"x":[0,0,0.667],"y":[1,1,1]},"o":{"x":[0.333,0.333,0.333],"y":[0,0,0]},"t":0,"s":[0,0,100]},{"t":20,"s":[235,235,100]}],"ix":6}},"ao":0,"shapes":[{"ty":"gr","it":[{"ind":0,"ty":"sh","ix":1,"ks":{"a":0,"k":{"i":[[1.203,1.203],[0,0],[0.41,0.153],[0.372,0],[0,0],[0.341,-0.127],[0.316,-0.315],[0,0],[-1.203,-1.202],[0,0],[-1.203,1.203],[0,0]],"o":[[0,0],[-0.315,-0.315],[-0.341,-0.127],[0,0],[-0.371,0],[-0.41,0.153],[0,0],[-1.203,1.203],[0,0],[1.203,1.203],[0,0],[1.203,-1.203]],"v":[[62.336,-22.98],[43.481,-41.835],[42.376,-42.535],[41.303,-42.737],[-41.303,-42.737],[-42.376,-42.535],[-43.481,-41.835],[-62.336,-22.98],[-62.336,-18.625],[-2.178,41.534],[2.178,41.534],[62.336,-18.625]],"c":true},"ix":2},"nm":"Path 1","mn":"ADBE Vector Shape - Group","hd":false},{"ty":"fl","c":{"a":0,"k":[0,0.689999988032,0.477999997606,1],"ix":4},"o":{"a":0,"k":100,"ix":5},"r":1,"bm":0,"nm":"Fill 1","mn":"ADBE Vector Graphic - Fill","hd":false},{"ty":"tr","p":{"a":0,"k":[436.298,232.058],"ix":2},"a":{"a":0,"k":[0,0],"ix":1},"s":{"a":0,"k":[100,100],"ix":3},"r":{"a":0,"k":0,"ix":6},"o":{"a":0,"k":100,"ix":7},"sk":{"a":0,"k":0,"ix":4},"sa":{"a":0,"k":0,"ix":5},"nm":"Transform"}],"nm":"Group 1","np":2,"cix":2,"bm":0,"ix":1,"mn":"ADBE Vector Group","hd":false}],"ip":0,"op":36,"st":0,"bm":0},{"ddd":0,"ind":5,"ty":4,"nm":"Group 2","sr":1,"ks":{"o":{"a":1,"k":[{"i":{"x":[0.667],"y":[1]},"o":{"x":[0.333],"y":[0]},"t":2,"s":[100]},{"i":{"x":[0.833],"y":[1]},"o":{"x":[0.333],"y":[0]},"t":22,"s":[100]},{"t":37,"s":[0]}],"ix":11},"r":{"a":0,"k":0,"ix":10},"p":{"a":0,"k":[542,978.474,0],"ix":2},"a":{"a":0,"k":[436.298,238.641,0],"ix":1},"s":{"a":1,"k":[{"i":{"x":[0,0,0.667],"y":[1,1,1]},"o":{"x":[0.333,0.333,0.333],"y":[0,0,0]},"t":2,"s":[0,0,100]},{"t":22,"s":[235,235,100]}],"ix":6}},"ao":0,"shapes":[{"ty":"gr","it":[{"ind":0,"ty":"sh","ix":1,"ks":{"a":0,"k":{"i":[[1.986,1.986],[0,0],[0.677,0.252],[0.612,0],[0,0],[0.563,-0.21],[0.521,-0.52],[0,0],[-1.986,-1.985],[0,0],[-1.986,1.987],[0,0]],"o":[[0,0],[-0.52,-0.52],[-0.562,-0.21],[0,0],[-0.613,0],[-0.677,0.252],[0,0],[-1.986,1.986],[0,0],[1.986,1.987],[0,0],[1.986,-1.986]],"v":[[102.943,-37.949],[71.804,-69.087],[69.98,-70.242],[68.21,-70.577],[-68.207,-70.577],[-69.98,-70.242],[-71.804,-69.087],[-102.942,-37.949],[-102.942,-30.757],[-3.596,68.59],[3.595,68.59],[102.943,-30.757]],"c":true},"ix":2},"nm":"Path 1","mn":"ADBE Vector Shape - Group","hd":false},{"ty":"fl","c":{"a":0,"k":[0,0.722000002394,0.536999990426,1],"ix":4},"o":{"a":0,"k":100,"ix":5},"r":1,"bm":0,"nm":"Fill 1","mn":"ADBE Vector Graphic - Fill","hd":false},{"ty":"tr","p":{"a":0,"k":[436.298,238.889],"ix":2},"a":{"a":0,"k":[0,0],"ix":1},"s":{"a":0,"k":[100,100],"ix":3},"r":{"a":0,"k":0,"ix":6},"o":{"a":0,"k":100,"ix":7},"sk":{"a":0,"k":0,"ix":4},"sa":{"a":0,"k":0,"ix":5},"nm":"Transform"}],"nm":"Group 2","np":2,"cix":2,"bm":0,"ix":1,"mn":"ADBE Vector Group","hd":false}],"ip":2,"op":38,"st":2,"bm":0},{"ddd":0,"ind":6,"ty":4,"nm":"Group 3","sr":1,"ks":{"o":{"a":1,"k":[{"i":{"x":[0.667],"y":[1]},"o":{"x":[0.333],"y":[0]},"t":4,"s":[100]},{"i":{"x":[0.833],"y":[1]},"o":{"x":[0.333],"y":[0]},"t":24,"s":[100]},{"t":39,"s":[0]}],"ix":11},"r":{"a":0,"k":0,"ix":10},"p":{"a":0,"k":[542.001,994.298,0],"ix":2},"a":{"a":0,"k":[436.298,245.374,0],"ix":1},"s":{"a":1,"k":[{"i":{"x":[0,0,0.667],"y":[1,1,1]},"o":{"x":[0.333,0.333,0.333],"y":[0,0,0]},"t":4,"s":[0,0,100]},{"t":24,"s":[235,235,100]}],"ix":6}},"ao":0,"shapes":[{"ty":"gr","it":[{"ind":0,"ty":"sh","ix":1,"ks":{"a":0,"k":{"i":[[2.769,2.77],[0,0],[0.943,0.352],[0.855,0],[0,0],[0.785,-0.294],[0.726,-0.726],[0,0],[-2.769,-2.77],[0,0],[-2.77,2.77],[0,0]],"o":[[0,0],[-0.725,-0.726],[-0.786,-0.294],[0,0],[-0.854,0],[-0.943,0.352],[0,0],[-2.769,2.771],[0,0],[2.769,2.77],[0,0],[2.769,-2.77]],"v":[[143.55,-52.918],[100.127,-96.338],[97.585,-97.949],[95.114,-98.416],[-95.114,-98.416],[-97.585,-97.949],[-100.128,-96.338],[-143.549,-52.918],[-143.549,-42.888],[-5.014,95.646],[5.015,95.646],[143.55,-42.888]],"c":true},"ix":2},"nm":"Path 1","mn":"ADBE Vector Shape - Group","hd":false},{"ty":"fl","c":{"a":0,"k":[0,0.757000014361,0.592000026329,1],"ix":4},"o":{"a":0,"k":100,"ix":5},"r":1,"bm":0,"nm":"Fill 1","mn":"ADBE Vector Graphic - Fill","hd":false},{"ty":"tr","p":{"a":0,"k":[436.298,245.72],"ix":2},"a":{"a":0,"k":[0,0],"ix":1},"s":{"a":0,"k":[100,100],"ix":3},"r":{"a":0,"k":0,"ix":6},"o":{"a":0,"k":100,"ix":7},"sk":{"a":0,"k":0,"ix":4},"sa":{"a":0,"k":0,"ix":5},"nm":"Transform"}],"nm":"Group 3","np":2,"cix":2,"bm":0,"ix":1,"mn":"ADBE Vector Group","hd":false}],"ip":4,"op":40,"st":4,"bm":0},{"ddd":0,"ind":7,"ty":4,"nm":"Group 4","sr":1,"ks":{"o":{"a":1,"k":[{"i":{"x":[0.667],"y":[1]},"o":{"x":[0.333],"y":[0]},"t":6,"s":[100]},{"i":{"x":[0.833],"y":[1]},"o":{"x":[0.333],"y":[0]},"t":26,"s":[100]},{"t":41,"s":[0]}],"ix":11},"r":{"a":0,"k":0,"ix":10},"p":{"a":0,"k":[542,1010.122,0],"ix":2},"a":{"a":0,"k":[436.298,252.108,0],"ix":1},"s":{"a":1,"k":[{"i":{"x":[0,0,0.667],"y":[1,1,1]},"o":{"x":[0.333,0.333,0.333],"y":[0,0,0]},"t":6,"s":[0,0,100]},{"t":26,"s":[235,235,100]}],"ix":6}},"ao":0,"shapes":[{"ty":"gr","it":[{"ind":0,"ty":"sh","ix":1,"ks":{"a":0,"k":{"i":[[3.554,3.553],[0,0],[1.21,0.452],[1.097,0],[0,0],[1.008,-0.377],[0.932,-0.931],[0,0],[-3.553,-3.553],[0,0],[-3.552,3.555],[0,0]],"o":[[0,0],[-0.931,-0.931],[-1.008,-0.377],[0,0],[-1.097,0],[-1.21,0.452],[0,0],[-3.553,3.554],[0,0],[3.552,3.555],[0,0],[3.554,-3.554]],"v":[[184.155,-67.888],[128.452,-123.589],[125.19,-125.657],[122.018,-126.256],[-122.019,-126.256],[-125.19,-125.657],[-128.453,-123.589],[-184.156,-67.888],[-184.156,-55.021],[-6.433,122.701],[6.432,122.701],[184.155,-55.021]],"c":true},"ix":2},"nm":"Path 1","mn":"ADBE Vector Shape - Group","hd":false},{"ty":"fl","c":{"a":0,"k":[0,0.791999966491,0.654999976065,1],"ix":4},"o":{"a":0,"k":100,"ix":5},"r":1,"bm":0,"nm":"Fill 1","mn":"ADBE Vector Graphic - Fill","hd":false},{"ty":"tr","p":{"a":0,"k":[436.298,252.552],"ix":2},"a":{"a":0,"k":[0,0],"ix":1},"s":{"a":0,"k":[100,100],"ix":3},"r":{"a":0,"k":0,"ix":6},"o":{"a":0,"k":100,"ix":7},"sk":{"a":0,"k":0,"ix":4},"sa":{"a":0,"k":0,"ix":5},"nm":"Transform"}],"nm":"Group 4","np":2,"cix":2,"bm":0,"ix":1,"mn":"ADBE Vector Group","hd":false}],"ip":6,"op":42,"st":6,"bm":0},{"ddd":0,"ind":8,"ty":4,"nm":"Group 5","sr":1,"ks":{"o":{"a":1,"k":[{"i":{"x":[0.667],"y":[1]},"o":{"x":[0.333],"y":[0]},"t":8,"s":[100]},{"i":{"x":[0.833],"y":[1]},"o":{"x":[0.333],"y":[0]},"t":28,"s":[100]},{"t":43,"s":[0]}],"ix":11},"r":{"a":0,"k":0,"ix":10},"p":{"a":0,"k":[542.001,1025.946,0],"ix":2},"a":{"a":0,"k":[436.298,258.841,0],"ix":1},"s":{"a":1,"k":[{"i":{"x":[0,0,0.667],"y":[1,1,1]},"o":{"x":[0.333,0.333,0.333],"y":[0,0,0]},"t":8,"s":[0,0,100]},{"t":28,"s":[235,235,100]}],"ix":6}},"ao":0,"shapes":[{"ty":"gr","it":[{"ind":0,"ty":"sh","ix":1,"ks":{"a":0,"k":{"i":[[4.337,4.336],[0,0],[1.478,0.551],[1.338,0],[0,0],[1.229,-0.46],[1.137,-1.137],[0,0],[-4.337,-4.336],[0,0],[-4.336,4.337],[0,0]],"o":[[0,0],[-1.137,-1.137],[-1.229,-0.46],[0,0],[-1.336,0],[-1.478,0.551],[0,0],[-4.337,4.337],[0,0],[4.336,4.337],[0,0],[4.337,-4.337]],"v":[[224.762,-82.857],[156.776,-150.84],[152.794,-153.363],[148.924,-154.094],[-148.925,-154.094],[-152.793,-153.363],[-156.776,-150.84],[-224.761,-82.857],[-224.761,-67.152],[-7.852,149.757],[7.851,149.757],[224.762,-67.152]],"c":true},"ix":2},"nm":"Path 1","mn":"ADBE Vector Shape - Group","hd":false},{"ty":"fl","c":{"a":0,"k":[0.298000021542,0.827000038297,0.709999952129,1],"ix":4},"o":{"a":0,"k":100,"ix":5},"r":1,"bm":0,"nm":"Fill 1","mn":"ADBE Vector Graphic - Fill","hd":false},{"ty":"tr","p":{"a":0,"k":[436.298,259.384],"ix":2},"a":{"a":0,"k":[0,0],"ix":1},"s":{"a":0,"k":[100,100],"ix":3},"r":{"a":0,"k":0,"ix":6},"o":{"a":0,"k":100,"ix":7},"sk":{"a":0,"k":0,"ix":4},"sa":{"a":0,"k":0,"ix":5},"nm":"Transform"}],"nm":"Group 5","np":2,"cix":2,"bm":0,"ix":1,"mn":"ADBE Vector Group","hd":false}],"ip":8,"op":44,"st":8,"bm":0},{"ddd":0,"ind":9,"ty":4,"nm":"Group 6","sr":1,"ks":{"o":{"a":1,"k":[{"i":{"x":[0.667],"y":[1]},"o":{"x":[0.333],"y":[0]},"t":10,"s":[100]},{"i":{"x":[0.833],"y":[1]},"o":{"x":[0.333],"y":[0]},"t":30,"s":[100]},{"t":45,"s":[0]}],"ix":11},"r":{"a":0,"k":0,"ix":10},"p":{"a":0,"k":[542,1041.771,0],"ix":2},"a":{"a":0,"k":[436.298,265.576,0],"ix":1},"s":{"a":1,"k":[{"i":{"x":[0,0,0.667],"y":[1,1,1]},"o":{"x":[0.333,0.333,0.333],"y":[0,0,0]},"t":10,"s":[0,0,100]},{"t":30,"s":[235,235,100]}],"ix":6}},"ao":0,"shapes":[{"ty":"gr","it":[{"ind":0,"ty":"sh","ix":1,"ks":{"a":0,"k":{"i":[[5.12,5.12],[0,0],[1.745,0.65],[1.579,0],[0,0],[1.453,-0.544],[1.342,-1.341],[0,0],[-5.119,-5.12],[0,0],[-5.119,5.121],[0,0]],"o":[[0,0],[-1.341,-1.341],[-1.451,-0.544],[0,0],[-1.579,0],[-1.743,0.65],[0,0],[-5.119,5.121],[0,0],[5.12,5.121],[0,0],[5.12,-5.121]],"v":[[265.368,-97.827],[185.099,-178.094],[180.398,-181.071],[175.83,-181.934],[-175.83,-181.934],[-180.399,-181.071],[-185.1,-178.094],[-265.369,-97.827],[-265.369,-79.285],[-9.271,176.813],[9.269,176.813],[265.368,-79.285]],"c":true},"ix":2},"nm":"Path 1","mn":"ADBE Vector Shape - Group","hd":false},{"ty":"fl","c":{"a":0,"k":[0.477999997606,0.859000052658,0.769000004787,1],"ix":4},"o":{"a":0,"k":100,"ix":5},"r":1,"bm":0,"nm":"Fill 1","mn":"ADBE Vector Graphic - Fill","hd":false},{"ty":"tr","p":{"a":0,"k":[436.298,266.216],"ix":2},"a":{"a":0,"k":[0,0],"ix":1},"s":{"a":0,"k":[100,100],"ix":3},"r":{"a":0,"k":0,"ix":6},"o":{"a":0,"k":100,"ix":7},"sk":{"a":0,"k":0,"ix":4},"sa":{"a":0,"k":0,"ix":5},"nm":"Transform"}],"nm":"Group 6","np":2,"cix":2,"bm":0,"ix":1,"mn":"ADBE Vector Group","hd":false}],"ip":10,"op":46,"st":10,"bm":0},{"ddd":0,"ind":10,"ty":4,"nm":"Group 7","sr":1,"ks":{"o":{"a":1,"k":[{"i":{"x":[0.667],"y":[1]},"o":{"x":[0.333],"y":[0]},"t":12,"s":[100]},{"i":{"x":[0.833],"y":[1]},"o":{"x":[0.333],"y":[0]},"t":32,"s":[100]},{"t":47,"s":[0]}],"ix":11},"r":{"a":0,"k":0,"ix":10},"p":{"a":0,"k":[541.999,1057.592,0],"ix":2},"a":{"a":0,"k":[436.298,272.308,0],"ix":1},"s":{"a":1,"k":[{"i":{"x":[0,0,0.667],"y":[1,1,1]},"o":{"x":[0.333,0.333,0.333],"y":[0,0,0]},"t":12,"s":[0,0,100]},{"t":32,"s":[235,235,100]}],"ix":6}},"ao":0,"shapes":[{"ty":"gr","it":[{"ind":0,"ty":"sh","ix":1,"ks":{"a":0,"k":{"i":[[5.903,5.903],[0,0],[2.012,0.75],[1.821,0],[0,0],[1.674,-0.625],[1.547,-1.547],[0,0],[-5.903,-5.902],[0,0],[-5.903,5.904],[0,0]],"o":[[0,0],[-1.547,-1.547],[-1.674,-0.625],[0,0],[-1.821,0],[-2.011,0.75],[0,0],[-5.903,5.905],[0,0],[5.904,5.904],[0,0],[5.903,-5.903]],"v":[[305.975,-112.795],[213.424,-205.344],[208.003,-208.778],[202.736,-209.773],[-202.734,-209.773],[-208.002,-208.778],[-213.423,-205.344],[-305.975,-112.795],[-305.975,-91.417],[-10.689,203.869],[10.689,203.869],[305.975,-91.417]],"c":true},"ix":2},"nm":"Path 1","mn":"ADBE Vector Shape - Group","hd":false},{"ty":"fl","c":{"a":0,"k":[0.626999978458,0.894000004787,0.823999980852,1],"ix":4},"o":{"a":0,"k":100,"ix":5},"r":1,"bm":0,"nm":"Fill 1","mn":"ADBE Vector Graphic - Fill","hd":false},{"ty":"tr","p":{"a":0,"k":[436.298,273.046],"ix":2},"a":{"a":0,"k":[0,0],"ix":1},"s":{"a":0,"k":[100,100],"ix":3},"r":{"a":0,"k":0,"ix":6},"o":{"a":0,"k":100,"ix":7},"sk":{"a":0,"k":0,"ix":4},"sa":{"a":0,"k":0,"ix":5},"nm":"Transform"}],"nm":"Group 7","np":2,"cix":2,"bm":0,"ix":1,"mn":"ADBE Vector Group","hd":false}],"ip":12,"op":48,"st":12,"bm":0},{"ddd":0,"ind":11,"ty":4,"nm":"Group 8","sr":1,"ks":{"o":{"a":1,"k":[{"i":{"x":[0.667],"y":[1]},"o":{"x":[0.333],"y":[0]},"t":14,"s":[100]},{"i":{"x":[0.833],"y":[1]},"o":{"x":[0.333],"y":[0]},"t":34,"s":[100]},{"t":49,"s":[0]}],"ix":11},"r":{"a":0,"k":0,"ix":10},"p":{"a":0,"k":[542,1073.417,0],"ix":2},"a":{"a":0,"k":[436.298,279.042,0],"ix":1},"s":{"a":1,"k":[{"i":{"x":[0,0,0.667],"y":[1,1,1]},"o":{"x":[0.333,0.333,0.333],"y":[0,0,0]},"t":14,"s":[0,0,100]},{"t":34,"s":[235,235,100]}],"ix":6}},"ao":0,"shapes":[{"ty":"gr","it":[{"ind":0,"ty":"sh","ix":1,"ks":{"a":0,"k":{"i":[[6.687,6.687],[0,0],[2.279,0.849],[2.062,0],[0,0],[1.896,-0.709],[1.753,-1.751],[0,0],[-6.686,-6.685],[0,0],[-6.686,6.689],[0,0]],"o":[[0,0],[-1.752,-1.751],[-1.895,-0.709],[0,0],[-2.063,0],[-2.278,0.849],[0,0],[-6.686,6.688],[0,0],[6.687,6.689],[0,0],[6.687,-6.687]],"v":[[346.581,-127.765],[241.747,-232.597],[235.607,-236.485],[229.641,-237.613],[-229.64,-237.613],[-235.607,-236.485],[-241.748,-232.597],[-346.582,-127.765],[-346.582,-103.55],[-12.107,230.923],[12.106,230.923],[346.581,-103.55]],"c":true},"ix":2},"nm":"Path 1","mn":"ADBE Vector Shape - Group","hd":false},{"ty":"fl","c":{"a":0,"k":[0.752999997606,0.929000016755,0.882000014361,1],"ix":4},"o":{"a":0,"k":100,"ix":5},"r":1,"bm":0,"nm":"Fill 1","mn":"ADBE Vector Graphic - Fill","hd":false},{"ty":"tr","p":{"a":0,"k":[436.298,279.878],"ix":2},"a":{"a":0,"k":[0,0],"ix":1},"s":{"a":0,"k":[100,100],"ix":3},"r":{"a":0,"k":0,"ix":6},"o":{"a":0,"k":100,"ix":7},"sk":{"a":0,"k":0,"ix":4},"sa":{"a":0,"k":0,"ix":5},"nm":"Transform"}],"nm":"Group 8","np":2,"cix":2,"bm":0,"ix":1,"mn":"ADBE Vector Group","hd":false}],"ip":14,"op":50,"st":14,"bm":0},{"ddd":0,"ind":12,"ty":4,"nm":"Group 9","sr":1,"ks":{"o":{"a":1,"k":[{"i":{"x":[0.667],"y":[1]},"o":{"x":[0.333],"y":[0]},"t":16,"s":[100]},{"i":{"x":[0.833],"y":[1]},"o":{"x":[0.333],"y":[0]},"t":36,"s":[100]},{"t":51,"s":[0]}],"ix":11},"r":{"a":0,"k":0,"ix":10},"p":{"a":0,"k":[542,1089.241,0],"ix":2},"a":{"a":0,"k":[436.298,285.776,0],"ix":1},"s":{"a":1,"k":[{"i":{"x":[0,0,0.667],"y":[1,1,1]},"o":{"x":[0.333,0.333,0.333],"y":[0,0,0]},"t":16,"s":[0,0,100]},{"t":36,"s":[235,235,100]}],"ix":6}},"ao":0,"shapes":[{"ty":"gr","it":[{"ind":0,"ty":"sh","ix":1,"ks":{"a":0,"k":{"i":[[7.471,7.47],[0,0],[2.545,0.949],[2.305,0],[0,0],[2.119,-0.792],[1.958,-1.958],[0,0],[-7.471,-7.469],[0,0],[-7.47,7.472],[0,0]],"o":[[0,0],[-1.958,-1.958],[-2.118,-0.792],[0,0],[-2.304,0],[-2.545,0.949],[0,0],[-7.471,7.472],[0,0],[7.471,7.472],[0,0],[7.471,-7.47]],"v":[[387.188,-142.734],[270.071,-259.848],[263.211,-264.193],[256.545,-265.452],[-256.545,-265.452],[-263.211,-264.193],[-270.071,-259.848],[-387.188,-142.734],[-387.188,-115.682],[-13.526,257.98],[13.525,257.98],[387.188,-115.682]],"c":true},"ix":2},"nm":"Path 1","mn":"ADBE Vector Shape - Group","hd":false},{"ty":"fl","c":{"a":0,"k":[0.882000014361,0.961000031116,0.936999990426,1],"ix":4},"o":{"a":0,"k":100,"ix":5},"r":1,"bm":0,"nm":"Fill 1","mn":"ADBE Vector Graphic - Fill","hd":false},{"ty":"tr","p":{"a":0,"k":[436.298,286.71],"ix":2},"a":{"a":0,"k":[0,0],"ix":1},"s":{"a":0,"k":[100,100],"ix":3},"r":{"a":0,"k":0,"ix":6},"o":{"a":0,"k":100,"ix":7},"sk":{"a":0,"k":0,"ix":4},"sa":{"a":0,"k":0,"ix":5},"nm":"Transform"}],"nm":"Group 9","np":2,"cix":2,"bm":0,"ix":1,"mn":"ADBE Vector Group","hd":false}],"ip":16,"op":52,"st":16,"bm":0},{"ddd":0,"ind":13,"ty":4,"nm":"Group 10","sr":1,"ks":{"o":{"a":1,"k":[{"i":{"x":[0.667],"y":[1]},"o":{"x":[0.333],"y":[0]},"t":18,"s":[100]},{"i":{"x":[0.833],"y":[1]},"o":{"x":[0.333],"y":[0]},"t":38,"s":[100]},{"t":53,"s":[0]}],"ix":11},"r":{"a":0,"k":0,"ix":10},"p":{"a":0,"k":[542,1105.065,0],"ix":2},"a":{"a":0,"k":[436.298,292.509,0],"ix":1},"s":{"a":1,"k":[{"i":{"x":[0,0,0.667],"y":[1,1,1]},"o":{"x":[0.333,0.333,0.333],"y":[0,0,0]},"t":18,"s":[0,0,100]},{"t":38,"s":[235,235,100]}],"ix":6}},"ao":0,"shapes":[{"ty":"gr","it":[{"ind":0,"ty":"sh","ix":1,"ks":{"a":0,"k":{"i":[[8.254,8.253],[0,0],[2.813,1.049],[2.548,0],[0,0],[2.339,-0.875],[2.163,-2.163],[0,0],[-8.254,-8.252],[0,0],[-8.253,8.256],[0,0]],"o":[[0,0],[-2.163,-2.163],[-2.34,-0.875],[0,0],[-2.546,0],[-2.812,1.049],[0,0],[-8.254,8.255],[0,0],[8.253,8.256],[0,0],[8.254,-8.253]],"v":[[427.794,-157.703],[298.395,-287.1],[290.816,-291.9],[283.45,-293.291],[-283.451,-293.291],[-290.815,-291.9],[-298.395,-287.1],[-427.794,-157.703],[-427.794,-127.814],[-14.944,285.035],[14.943,285.035],[427.794,-127.814]],"c":true},"ix":2},"nm":"Path 1","mn":"ADBE Vector Shape - Group","hd":false},{"ty":"fl","c":{"a":0,"k":[1,1,1,1],"ix":4},"o":{"a":0,"k":100,"ix":5},"r":1,"bm":0,"nm":"Fill 1","mn":"ADBE Vector Graphic - Fill","hd":false},{"ty":"tr","p":{"a":0,"k":[436.298,293.541],"ix":2},"a":{"a":0,"k":[0,0],"ix":1},"s":{"a":0,"k":[100,100],"ix":3},"r":{"a":0,"k":0,"ix":6},"o":{"a":0,"k":100,"ix":7},"sk":{"a":0,"k":0,"ix":4},"sa":{"a":0,"k":0,"ix":5},"nm":"Transform"}],"nm":"Group 10","np":2,"cix":2,"bm":0,"ix":1,"mn":"ADBE Vector Group","hd":false}],"ip":18,"op":54,"st":18,"bm":0},{"ddd":0,"ind":14,"ty":1,"nm":"White Solid 1","sr":1,"ks":{"o":{"a":0,"k":100,"ix":11},"r":{"a":0,"k":0,"ix":10},"p":{"a":0,"k":[540,960,0],"ix":2},"a":{"a":0,"k":[920,960,0],"ix":1},"s":{"a":0,"k":[100,100,100],"ix":6}},"ao":0,"sw":1840,"sh":1920,"sc":"#ffffff","ip":0,"op":58,"st":0,"bm":0}],"markers":[]}